1,Java,2016-07-16T10:21:02Z,2020-10-03T00:11:23Z,30297,10557,TheAlgorithms,Java,0
2,Java,2015-11-25T07:30:08Z,2020-10-02T15:07:57Z,7158,3558,DuGuQiuBai,Java,0
3,JavaGuide,2018-05-07T13:27:00Z,2020-10-03T00:33:39Z,88968,30773,Snailclimb,Java,0
4,Java,2016-12-08T14:01:46Z,2020-10-01T09:23:28Z,1291,677,HelloWorld521,Java,0
5,java,2017-05-08T21:52:58Z,2020-10-02T11:01:22Z,1406,600,kubernetes-client,Java,17
6,Java,2014-11-18T11:25:02Z,2020-10-02T15:26:31Z,1003,647,gaopu,Java,0
7,java,2016-12-05T12:15:21Z,2020-10-01T09:35:35Z,1277,420,json-iterator,Java,4
8,JavaScript30,2016-12-07T19:15:31Z,2020-10-02T21:36:46Z,13645,16157,wesbos,HTML,0
9,javascript,2012-11-01T23:13:50Z,2020-10-03T00:26:32Z,100134,19485,airbnb,JavaScript,0
10,JavaFamily,2019-11-12T04:26:18Z,2020-10-02T22:26:20Z,19067,4155,AobingJava,,0
11,javascript-algorithms,2018-03-24T07:47:04Z,2020-10-02T21:37:09Z,81879,13791,trekhleb,JavaScript,0
12,java8-tutorial,2014-03-16T17:25:43Z,2020-10-03T00:23:52Z,13906,3384,winterbe,Java,0
13,advanced-java,2018-10-06T11:38:30Z,2020-10-03T00:46:20Z,47649,13309,doocs,Java,0
14,java-design-patterns,2014-08-09T16:45:18Z,2020-10-02T20:56:22Z,60942,19459,iluwatar,Java,0
15,JavaEETest,2016-12-13T02:13:58Z,2020-09-30T18:56:20Z,2734,2732,lenve,Java,0
16,RxJava,2013-01-08T20:11:48Z,2020-10-02T20:27:38Z,43534,7244,ReactiveX,Java,200
17,awesome-java,2014-07-09T10:12:43Z,2020-10-02T20:12:51Z,26269,5673,akullpp,,0
18,guava,2014-05-29T16:23:17Z,2020-10-02T16:50:28Z,38932,8733,google,Java,29
19,Java8InAction,2013-10-28T23:59:40Z,2020-10-02T07:11:46Z,2674,1933,java8,Java,0
20,JavaScript-MD5,2011-12-10T20:42:25Z,2020-09-29T11:47:45Z,3915,1549,blueimp,JavaScript,0
21,javaee7-samples,2013-08-27T18:47:51Z,2020-09-27T04:44:25Z,2453,1656,javaee-samples,Java,0
22,awesome-javascript,2014-07-01T15:59:02Z,2020-10-02T17:11:13Z,21089,3123,sorrycc,,0
23,javascript-questions,2019-06-12T08:26:27Z,2020-10-03T00:44:44Z,23011,3009,lydiahallie,,0
24,jadx,2013-03-18T17:08:21Z,2020-10-02T22:47:49Z,23514,2822,skylot,Java,13
25,clean-code-javascript,2016-11-25T22:25:41Z,2020-10-02T22:55:16Z,39411,4752,ryanmcdermott,JavaScript,0
26,You-Dont-Need-JavaScript,2016-07-05T07:30:42Z,2020-10-02T21:42:21Z,13680,804,you-dont-need,CSS,0
27,JavaScript-Load-Image,2011-12-12T22:22:36Z,2020-10-01T05:09:06Z,3990,915,blueimp,JavaScript,0
28,JavaScript-Koans,2010-10-20T04:53:24Z,2020-09-25T14:03:53Z,1315,1227,liammclennan,JavaScript,0
29,awesome-java-cn,2015-10-01T06:53:06Z,2020-09-30T13:14:27Z,13343,4470,jobbole,,0
30,grpc-java,2014-12-08T19:00:00Z,2020-10-02T23:50:14Z,7944,2676,grpc,Java,77
31,toBeTopJavaer,2018-10-25T09:54:54Z,2020-10-02T15:24:29Z,17242,3991,hollischuang,Java,0
32,OnJava8,2018-11-20T05:41:18Z,2020-10-02T22:26:43Z,14005,4121,LingCoder,,0
33,javapoet,2013-02-01T16:56:30Z,2020-10-02T16:59:28Z,8373,1083,square,Java,0
34,complete-javascript-course,2018-06-14T17:33:47Z,2020-10-02T22:49:11Z,4630,6373,jonasschmedtmann,JavaScript,0
35,Javascript,2017-07-13T06:12:33Z,2020-10-03T00:31:30Z,6091,1201,TheAlgorithms,JavaScript,0
36,weixin-java-tools,2014-08-18T08:11:26Z,2020-09-30T03:36:37Z,2581,7903,chanjarster,Java,21
37,javaScript,2016-02-02T01:45:52Z,2020-09-30T08:21:47Z,1170,682,yangxi0126,JavaScript,0
38,arthas,2018-08-29T17:15:57Z,2020-10-02T15:41:45Z,23175,5045,alibaba,Java,27
39,javacv,2014-04-21T13:50:26Z,2020-09-30T15:55:02Z,4589,1194,bytedeco,Java,5
40,realm-java,2012-04-20T09:18:42Z,2020-10-02T14:41:37Z,11006,1739,realm,Java,0
41,Eloquent-JavaScript,2013-09-30T13:40:20Z,2020-09-30T05:59:45Z,2448,644,marijnh,JavaScript,0
42,JavaScript-Garden,2011-01-04T14:41:31Z,2020-10-02T09:12:33Z,3283,572,BonsaiDen,CSS,0
43,javascript-koans,2010-11-06T14:50:55Z,2020-09-28T15:17:34Z,2182,3260,mrdavidlaing,JavaScript,0
44,WebViewJavascriptBridge,2011-08-28T02:25:27Z,2020-09-30T02:06:55Z,13383,2823,marcuswestin,Objective-C,0
45,javascript-patterns,2011-12-10T01:10:29Z,2020-10-02T09:18:06Z,8936,1698,shichuan,HTML,0
46,mybatis-3,2013-02-14T19:03:32Z,2020-10-02T15:47:44Z,14338,9619,mybatis,Java,32
47,netty-socketio,2012-01-12T11:43:49Z,2020-10-02T17:17:45Z,4920,1363,mrniko,Java,3
48,JCSprout,2017-12-17T09:06:50Z,2020-10-02T07:55:43Z,25283,6940,crossoverJie,Java,0
49,JavaScriptServices,2015-11-02T01:24:11Z,2020-10-01T07:19:15Z,3129,538,aspnet,C#,2
50,JSON-java,2010-12-21T17:46:09Z,2020-10-02T14:42:00Z,3657,2239,stleary,Java,11
51,JavaInterview,2020-02-19T08:52:03Z,2020-10-02T13:06:11Z,1795,464,OUYANGSIHAI,,0
52,jjwt,2014-09-13T01:06:24Z,2020-10-02T16:57:24Z,6810,1007,jwtk,Java,0
53,fastjson,2011-11-03T06:58:52Z,2020-10-02T17:00:21Z,22445,5978,alibaba,Java,79
54,gson,2015-03-19T18:21:20Z,2020-10-02T21:50:28Z,18595,3601,google,Java,0
55,en.javascript.info,2017-06-03T14:27:57Z,2020-10-02T20:05:10Z,11086,2323,javascript-tutorial,HTML,0
56,jna,2011-04-29T13:30:29Z,2020-10-01T01:05:03Z,6025,1380,java-native-access,Java,0
57,JavaHamcrest,2012-04-01T19:38:04Z,2020-10-02T05:19:08Z,1794,334,hamcrest,Java,7
58,javaparser,2011-10-30T14:03:44Z,2020-10-02T16:18:08Z,3300,770,javaparser,Java,18
59,123-Essential-JavaScript-Interview-Questions,2015-06-02T12:50:14Z,2020-10-01T14:02:02Z,2829,788,ganqqwerty,,0
60,learn-javascript,2015-08-09T11:33:56Z,2020-10-02T15:17:31Z,1471,2260,michaelliao,,0
61,javascripting,2014-09-29T23:38:32Z,2020-10-02T22:04:08Z,2207,906,workshopper,JavaScript,0
62,JavaCollection,2020-05-01T14:14:36Z,2020-10-02T15:20:44Z,1707,327,hansonwang99,,0
63,javascript-algorithms,2012-11-18T19:11:57Z,2020-10-02T13:57:35Z,6402,1127,mgechev,JavaScript,0
64,Java-WebSocket,2010-01-20T23:33:04Z,2020-10-02T04:07:42Z,7285,2077,TooTallNate,Java,12
65,JavaScript-Templates,2011-12-10T20:55:40Z,2020-09-30T16:03:53Z,1602,446,blueimp,JavaScript,0
66,quarkus,2018-07-06T00:44:20Z,2020-10-02T21:43:16Z,5965,1067,quarkusio,Java,79
67,30-Days-Of-JavaScript,2019-12-23T14:07:40Z,2020-10-03T00:21:32Z,2063,513,Asabeneh,JavaScript,0
68,jd-gui,2015-03-25T05:28:41Z,2020-10-01T19:21:12Z,9106,1764,java-decompiler,Java,18
69,aws-sdk-java,2010-03-22T23:34:58Z,2020-10-02T21:40:20Z,3370,2559,aws,Java,0
70,jfinal,2012-04-25T08:48:48Z,2020-10-02T14:46:46Z,3089,1357,jfinal,Java,0
71,Java-Interview,2019-03-13T05:53:26Z,2020-10-02T13:43:32Z,4756,1103,gzc426,,0
72,javascript,2014-03-31T08:15:44Z,2020-10-01T06:49:57Z,2132,762,GitbookIO,,0
73,awesome-javascript-cn,2015-11-03T11:17:05Z,2020-09-29T13:20:41Z,6578,1815,jobbole,,0
74,JsonPath,2011-01-24T13:19:19Z,2020-10-02T04:14:12Z,5253,1002,json-path,Java,4
75,java-learning,2016-02-09T05:20:58Z,2020-09-29T13:03:29Z,3509,1159,brianway,Java,0
76,JavaLambdaInternals,2016-10-13T12:47:26Z,2020-09-30T06:09:25Z,1183,425,CarpenterLee,Java,0
77,awesome-java-leetcode,2017-04-17T15:51:41Z,2020-10-02T02:25:03Z,7709,1572,Blankj,Java,0
78,Java-Tutorial,2018-05-01T15:57:21Z,2020-10-03T00:32:53Z,4010,1042,h2pl,Java,0
79,JavaScript30,2016-12-20T09:19:41Z,2020-10-02T09:06:11Z,1483,376,soyaine,JavaScript,0
80,javamelody,2015-06-21T16:32:48Z,2020-10-02T13:08:42Z,2269,641,javamelody,Java,39
81,javassist,2013-05-24T08:31:32Z,2020-10-02T11:02:43Z,2898,557,jboss-javassist,Java,17
82,sentry-javascript,2012-02-01T20:16:25Z,2020-10-02T16:39:50Z,4906,896,getsentry,TypeScript,207
83,curso-javascript-ninja,2015-02-17T00:57:58Z,2020-10-02T19:40:16Z,1814,2642,da2k,JavaScript,0
84,RxJava-Android-Samples,2014-07-23T05:13:52Z,2020-10-02T20:56:38Z,7388,1379,kaushikgopal,Java,0
85,scribejava,2010-09-05T19:11:40Z,2020-10-02T16:54:14Z,5084,1665,scribejava,Java,2
86,webmagic,2013-04-23T12:57:36Z,2020-10-02T09:43:51Z,9280,3860,code4craft,Java,20
87,google-java-format,2015-05-11T20:38:28Z,2020-10-02T19:50:12Z,3530,623,google,Java,11
88,CtCI-6th-Edition-JavaScript,2016-02-12T05:01:45Z,2020-10-02T02:35:09Z,1518,643,careercup,JavaScript,0
89,testcontainers-java,2015-04-12T12:44:59Z,2020-10-02T12:11:58Z,4186,842,testcontainers,Java,46
90,graphql-java,2015-07-06T06:52:20Z,2020-10-02T23:47:30Z,4493,820,graphql-java,Java,31
91,stackoverflow-java-top-qa,2015-08-18T02:10:15Z,2020-09-30T15:17:31Z,5086,1491,giantray,,0
92,javacpp,2014-04-21T12:47:21Z,2020-10-01T14:01:53Z,3280,450,bytedeco,Java,5
93,better-java,2014-05-05T22:10:53Z,2020-10-01T15:05:15Z,5615,710,cxxr,,0
94,30-seconds-of-java8,2018-01-30T13:02:27Z,2020-09-29T08:28:28Z,1909,344,biezhi,Java,0
95,javalin,2017-04-02T20:01:28Z,2020-10-02T21:14:25Z,4224,373,tipsy,Kotlin,0
96,beginner-javascript,2019-05-29T19:03:46Z,2020-10-02T21:20:46Z,3595,801,wesbos,HTML,0
97,javascript-obfuscator,2016-05-09T08:16:53Z,2020-10-02T17:46:59Z,5255,681,javascript-obfuscator,TypeScript,161
98,JavaScript-Canvas-to-Blob,2012-02-11T01:26:32Z,2020-09-28T12:56:37Z,1396,390,blueimp,JavaScript,0
99,java-algorithms-implementation,2013-11-20T03:30:19Z,2020-10-02T12:34:11Z,3535,1517,phishman3579,Java,0
100,computer-science-in-javascript,2009-04-12T01:03:24Z,2020-10-02T17:29:14Z,7379,1081,humanwhocodes,JavaScript,0
